{
  "data_path": "/Users/shijiean/Desktop/491/Case____Housing__export/train_cleaned_v2.csv",
  "target": "logSalePrice = log1p(SalePrice)",
  "selected_model": "filtered",
  "selected_model_reason": "Filtered CV RMSE improved by 35.85%; choose filtered model.",
  "holdout_rmse": 0.09906781847757751,
  "holdout_rmse_log": 0.09906781847757751,
  "cv_rmse": 0.0917805188666428,
  "cv_rmse_log_mean": 0.0917805188666428,
  "cv_rmse_log_std": 0.004804836651411374,
  "cv_rmse_log_folds": [
    0.09707692031611545,
    0.09603724490323945,
    0.08911775825653441,
    0.0911052960974223,
    0.0855653747599024
  ],
  "holdout_rmse_dollar": 19456.023127061064,
  "holdout_mae_dollar": 13215.737760205187,
  "typical_relative_error": 0.10414117819351142,
  "best_alpha": 0.00030808085652336175,
  "nonzero_count": 118,
  "cooks_distance_threshold_4_over_n": 0.0027397260273972603,
  "influential_points_count": 78,
  "n_rows_total": 1460,
  "n_rows_model": 1382,
  "n_features_before_encoding": 79,
  "n_features_after_encoding": 280,
  "baseline_holdout_rmse_log": 0.13597729553844506,
  "baseline_cv_rmse_log_mean": 0.14306691547601522,
  "filtered_holdout_rmse_log": 0.09906781847757751,
  "filtered_cv_rmse_log_mean": 0.0917805188666428,
  "filtered_improvement_ratio_vs_baseline_cv": 0.3584783836202189
}